LIQUID 3BLOOD1 3BLOOD3 THTTHREN.WAD
LIQUID 3WATER1 3WATER4 THTTHREN.WAD
FIXSPRITEOFFSETS DOTB_RC3.WAD
FIXSPRITEOFFSETS SUNLUST.WAD
LIQUID ALQ01 ALQ04 AVACTOR.WAD
LIQUID B_SLIM1 B_SLIM4 MIASMA_V2.WAD
NOLIQUID BLOOD1 BLOOD3 HACX.WAD
LIQUID BLQ01 BLQ04 AVACTOR.WAD
LIQUID CWAVE00A CWAVE00H RC-DC.WAD
LIQUID DLQ01 DLQ04 AVACTOR.WAD
NOLIQUID FWATER1 SID.WAD
LIQUID GRAYSLM1 GRAYSLM4 AALIENS.WAD
LIQUID GRAYSLM1 GRAYSLM4 JPCP.WAD
LIQUID GRAYSLM1 GRAYSLM4 SUMMER69.WAD
LIQUID GRAYSLM1 GRAYSLM4 SUNLUST.WAD
LIQUID GRAYSLM1 GRAYSLM4 VALIANT.WAD
LIQUID GRAYSLM1 GRAYSLM4 VANGUARD.WAD
LIQUID LAV2_01 LAV2_04 VALIANT.WAD
LIQUID LAV2_01 LAV2_04 VANGUARD.WAD
LIQUID MLAVA1 MLAVA4 AALIENS.WAD
NOLIQUID NUKAGE1 NUKAGE3 ETERNALL.WAD
NOLIQUIDNUKAGE1  NUKAGE3 HACX.WAD
LIQUID OLQ01 OLQ04 AVACTOR.WAD
LIQUID OSLIME01 OSLIME04 SD20X7.WAD
LIQUID OSLIME01 OSLIME04 SUMMER69.WAD
LIQUID OSLIME01 OSLIME04 SUNLUST.WAD
LIQUID OSLIME01 OSLIME04 SWTW.WAD
LIQUID OTAR__01 OTAR__08 EVITERNITY-RC1.WAD
LIQUID PLOOD1 PLOOD3 AALIENS.WAD
LIQUID PURPW1 PURPW4 AALIENS.WAD
LIQUID QALAV01 QALAV24 DOTB_RC3.WAD
LIQUID QASLM01 QASLM24 DOTB_RC3.WAD
LIQUID QASLN01 QASLN24 DOTB_RC3.WAD
LIQUID QAWTR01 QAWTR24 DOTB_RC3.WAD
LIQUID QAWTS01 QAWTS24 DOTB_RC3.WAD
LIQUID QAWTT01 QAWTT24 DOTB_RC3.WAD
LIQUID RLQ01 RLQ04 AVACTOR.WAD
NOLIQUID SLIME01 SLIME04 GRAVITY.WAD
NOLIQUID SLIME01 SLIME08 EPIC2.WAD
NOLIQUID SLIME05 SLIME08 BTSX_E1B.WAD
NOLIQUID SLIME05 SLIME08 REQUIEM.WAD
NOLIQUID SLIME05 SLIME08 TNTR.WAD
NOLIQUID SLIME05 SLIME08 TVR!.WAD
LIQUID SLIME09 SLIME12 UACULTRA.WAD
LIQUID SLUDGE01 SLUDGE04 SUMMER69.WAD
LIQUID SLUDGE01 SLUDGE04 SUNLUST.WAD
LIQUID ZO1_01 ZO1_99 AALIENS.WAD
NOTRANSLUCENCY AALIENS.WAD
TELEFRAGONMAP30 TNTR.WAD
